{
  "tests": [
    {
      "name": "Full Checker Test",
      "setup": "cmake .; make CheckerTest",
      "run": "./CheckerTest",
      "input": "",
      "output": "",
      "comparison": "included",
      "timeout": 5,
      "points": 0
    },
    {
      "name": "Simple.html should be valid",
      "setup": "cmake .; make CheckerTest",
      "run": "./CheckerTest -r xml -d yes --order lex \"Simple.html should be valid\"",
      "input": "",
      "output": "",
      "comparison": "included",
      "timeout": 5,
      "points": 20
    },
    {
      "name": "Should fail if an HTML is missing a closing tag part way through the document",
      "setup": "cmake .; make CheckerTest",
      "run": "./CheckerTest -r xml -d yes --order lex \"should fail if an HTML is missing a closing tag part way through the document\"",
      "input": "",
      "output": "",
      "comparison": "included",
      "timeout": 5,
      "points": 20
    },
    {
      "name": "Should fail if an HTML is missing a closing tag at the end of the document",
      "setup": "cmake .; make CheckerTest",
      "run": "./CheckerTest -r xml -d yes --order lex \"should fail if an HTML is missing a closing tag at the end of the document\"",
      "input": "",
      "output": "",
      "comparison": "included",
      "timeout": 5,
      "points": 20
    },
    {
      "name": "Should fail if an HTML is missing a closing tag at the end of the document",
      "setup": "cmake .; make CheckerTest",
      "run": "./CheckerTest -r xml -d yes --order lex \"Should fail if an opening html tag is missing\"",
      "input": "",
      "output": "",
      "comparison": "included",
      "timeout": 5,
      "points": 20
    }
  ]
}